{
  "image_filename": "CLEVR_new_000009.png",
  "relationships": {
    "behind": [
      [
        1,
        7,
        8
      ],
      [
        7,
        8
      ],
      [
        0,
        1,
        4,
        5,
        7,
        8
      ],
      [
        0,
        1,
        2,
        4,
        5,
        7,
        8
      ],
      [
        0,
        1,
        7,
        8
      ],
      [
        0,
        1,
        4,
        7,
        8
      ],
      [
        0,
        1,
        2,
        3,
        4,
        5,
        7,
        8
      ],
      [
        8
      ],
      []
    ],
    "front": [
      [
        2,
        3,
        4,
        5,
        6
      ],
      [
        0,
        2,
        3,
        4,
        5,
        6
      ],
      [
        3,
        6
      ],
      [
        6
      ],
      [
        2,
        3,
        5,
        6
      ],
      [
        2,
        3,
        6
      ],
      [],
      [
        0,
        1,
        2,
        3,
        4,
        5,
        6
      ],
      [
        0,
        1,
        2,
        3,
        4,
        5,
        6,
        7
      ]
    ],
    "left": [
      [
        1,
        3,
        5
      ],
      [
        5
      ],
      [
        0,
        1,
        3,
        4,
        5,
        6,
        7,
        8
      ],
      [
        1,
        5
      ],
      [
        0,
        1,
        3,
        5,
        7
      ],
      [],
      [
        0,
        1,
        3,
        4,
        5,
        7
      ],
      [
        0,
        1,
        3,
        5
      ],
      [
        0,
        1,
        3,
        4,
        5,
        6,
        7
      ]
    ],
    "right": [
      [
        2,
        4,
        6,
        7,
        8
      ],
      [
        0,
        2,
        3,
        4,
        6,
        7,
        8
      ],
      [],
      [
        0,
        2,
        4,
        6,
        7,
        8
      ],
      [
        2,
        6,
        8
      ],
      [
        0,
        1,
        2,
        3,
        4,
        6,
        7,
        8
      ],
      [
        2,
        8
      ],
      [
        2,
        4,
        6,
        8
      ],
      [
        2
      ]
    ]
  },
  "image_index": 9,
  "objects": [
    {
      "rotation": 126.75453790970835,
      "3d_coords": [
        -0.7163552045822144,
        -0.5740538835525513,
        0.3499999940395355
      ],
      "material": "metal",
      "pixel_coords": [
        132,
        107,
        11.064311027526855
      ],
      "color": "yellow",
      "shape": "cube",
      "size": "small"
    },
    {
      "rotation": 49.13865007490284,
      "3d_coords": [
        -2.170884609222412,
        -0.7968712449073792,
        0.699999988079071
      ],
      "material": "rubber",
      "pixel_coords": [
        101,
        85,
        11.781490325927734
      ],
      "color": "brown",
      "shape": "sphere",
      "size": "large"
    },
    {
      "rotation": 35.76738125619476,
      "3d_coords": [
        2.640871524810791,
        0.054845768958330154,
        0.699999988079071
      ],
      "material": "rubber",
      "pixel_coords": [
        226,
        133,
        8.93281078338623
      ],
      "color": "cyan",
      "shape": "cube",
      "size": "large"
    },
    {
      "rotation": 61.84269413240218,
      "3d_coords": [
        0.7848066687583923,
        -2.7267885208129883,
        0.699999988079071
      ],
      "material": "metal",
      "pixel_coords": [
        94,
        139,
        8.673274040222168
      ],
      "color": "purple",
      "shape": "cube",
      "size": "large"
    },
    {
      "rotation": 312.3285035404294,
      "3d_coords": [
        0.3726882040500641,
        -0.36498066782951355,
        0.3499999940395355
      ],
      "material": "metal",
      "pixel_coords": [
        158,
        118,
        10.428598403930664
      ],
      "color": "yellow",
      "shape": "cube",
      "size": "small"
    },
    {
      "rotation": 271.8414385750283,
      "3d_coords": [
        -1.025160789489746,
        -2.6225783824920654,
        0.699999988079071
      ],
      "material": "metal",
      "pixel_coords": [
        66,
        112,
        9.979930877685547
      ],
      "color": "yellow",
      "shape": "sphere",
      "size": "large"
    },
    {
      "rotation": 168.24010274130825,
      "3d_coords": [
        2.916187047958374,
        -1.7718883752822876,
        0.3499999940395355
      ],
      "material": "metal",
      "pixel_coords": [
        180,
        176,
        7.89442253112793
      ],
      "color": "cyan",
      "shape": "cylinder",
      "size": "small"
    },
    {
      "rotation": 330.866410610078,
      "3d_coords": [
        -1.6272119283676147,
        0.7652119398117065,
        0.3499999940395355
      ],
      "material": "rubber",
      "pixel_coords": [
        148,
        88,
        12.434442520141602
      ],
      "color": "brown",
      "shape": "cube",
      "size": "small"
    },
    {
      "rotation": 177.2936631622304,
      "3d_coords": [
        -1.4129596948623657,
        2.891542673110962,
        0.3499999940395355
      ],
      "material": "rubber",
      "pixel_coords": [
        196,
        77,
        13.464029312133789
      ],
      "color": "yellow",
      "shape": "cylinder",
      "size": "small"
    }
  ],
  "directions": {
    "front": [
      0.754490315914154,
      -0.6563112735748291,
      -0.0
    ],
    "above": [
      0.0,
      0.0,
      1.0
    ],
    "behind": [
      -0.754490315914154,
      0.6563112735748291,
      0.0
    ],
    "right": [
      0.6563112735748291,
      0.7544902563095093,
      -0.0
    ],
    "left": [
      -0.6563112735748291,
      -0.7544902563095093,
      0.0
    ],
    "below": [
      -0.0,
      -0.0,
      -1.0
    ]
  },
  "split": "new"
}